,anime_id,Popularity,Favorites,Members
anime_id,1.0,0.510459097456557,-0.054633867045898836,-0.091948414981168
Popularity,0.510459097456557,1.0,-0.1631734917586906,-0.363865276319615
Favorites,-0.054633867045898836,-0.1631734917586906,1.0,0.7731200630041616
Members,-0.091948414981168,-0.363865276319615,0.7731200630041616,1.0
