,anime_id,Popularity,Favorites,Members
count,24905.0,24905.0,24905.0,24905.0
mean,29776.709014254167,12265.388355751857,432.5952218430034,37104.96000803052
std,17976.076290404282,7187.428393028189,4353.181646609642,156825.23706149976
min,1.0,0.0,0.0,0.0
25%,10507.0,6040.0,0.0,209.0
50%,34628.0,12265.0,1.0,1056.0
75%,45240.0,18491.0,18.0,9326.0
max,55735.0,24723.0,217606.0,3744541.0
