Feature,Importance
Petal.Width,0.46326864678018886
Petal.Length,0.4055263564435741
Sepal.Length,0.09799670444046804
Sepal.Width,0.03320829233576898
